cell_title,issn,url_stub
Chem,24519294,chem
Cell Chemical Biology,24519456,cell_chemical_biology
Trends in Cancer,24058033,trends-in-cancer
Cell Systems,24054712,cell-systems
Stem Cell Reports,22136711,stem-cell-reports
Cell Reports,22111247,cell-reports
Molecular Plant,16742052,molecular-plant
Cell Stem Cell,19345909,cell-stem-cell
Cell Metabolism,15504131,cell-metabolism
Cancer Cell,15356108,cancer-cell
Developmental Cell,15345807,developmental-cell
Molecular Cell,10972765,molecular-cell
The American Journal of Human Genetics,29297,the-american-journal-of-human-genetics
Structure,9692126,structure
Current Biology,9609822,current-biology
Neuron,8966273,neuron
iScience,25890042,iscience
Joule,25424351,joule
Biophysical Journal,63495,biophysical-journal
Cell Host & Microbe,19313128,cell-host-and-microbe
Immunity,10747613,immunity
Trends in Chemistry,25895974,trends-in-chemistry
Molecular Therapy: Methods & Clinical Development,NA,molecular-therapy-methods-and-clinical-development
Molecular Therapy: Oncolytics,NA,molecular-therapy-oncolytics
Cell,928674,cell
Molecular Therapy,15250016,molecular-therapy
Matter,25902385,matter
Molecular Therapy: Nucleic Acids,NA,molecular-therapy-nucleic-acids
